lambda,cond_manipulation,cond_prev,cond_curr,A,w,fwhm,sigma,beta,exit_flag
0.02,contrast,1,1,6.10464976405309,0.0270474383153904,61.5625481015674,21.318248503809,-2.72785200635899,2
0.02,contrast,1,2,7.25828706364232,0.025630837079655,64.9650737953117,23.5565240018134,-2.36188710531264,2
0.02,contrast,1,3,8.85904953851001,0.0309043560540832,53.8794343231557,25.7772029269948,-1.78715150198749,2
0.02,contrast,2,1,5.97243290672239,0.0182730603612035,91.1237192567196,24.4216802711093,-2.43594607718716,2
0.02,contrast,2,2,8.75135019570046,0.0245417939215717,67.8479017319025,22.8917772566058,-1.67032639598824,2
0.02,contrast,2,3,7.9298529191924,0.0277022056917208,60.1074600645623,26.6005665448345,-2.26673566782248,2
0.02,contrast,3,1,7.01580895330486,0.0188298355125656,88.4293025929105,23.88959820296,-2.78411909832765,2
0.02,contrast,3,2,9.33451768374759,0.0192158691184259,86.6528186705195,25.3910830491336,-2.68919519579235,2
0.02,contrast,3,3,6.99260156562941,0.0269855180167885,61.7038079935869,24.5727446119185,-1.11127807004088,2
0.02,precision,1,1,6.4657049245195,0.0313622211220446,53.0928347145982,21.5736912172779,-2.05073874089664,2
0.02,precision,1,2,9.10368128990801,0.0241263256641276,69.0162789600064,25.7650507573916,-2.10277334796569,2
0.02,precision,1,3,8.97260047231587,0.0228166960962397,72.977665797539,26.4764415578699,-0.494725081840702,2
0.02,precision,2,1,8.4673438941705,0.0316169322468679,52.6651102426405,24.5809053631435,-2.65243036198195,2
0.02,precision,2,2,6.65734497505038,0.0234012558321169,71.1546950412005,21.5021076737092,-2.08535852991463,2
0.02,precision,2,3,8.29928967230724,0.0240569636141243,69.2152696002657,28.287872449365,-1.57868496909761,2
0.02,precision,3,1,5.33217410741937,0.0291707771029775,57.0814146101522,22.6713757876856,-3.52564586029941,2
0.02,precision,3,2,5.60301838357175,0.0303191731328354,54.9193480646771,22.5154101404148,-2.86021141845444,2
0.02,precision,3,3,10.0529258197173,0.0250374310578035,66.5047950994328,25.9622706074132,-0.506085528680168,2
0.05,contrast,1,1,6.1167591812713,0.0270383693490199,61.5831968570897,20.5315956598848,-2.72694677592925,2
0.05,contrast,1,2,7.27218693094,0.025600368610714,65.0423924606512,22.6994900778728,-2.35691086455469,2
0.05,contrast,1,3,8.8801457882387,0.0309730557476862,53.7599272051092,24.8642236547326,-1.78846964612658,2
0.05,contrast,2,1,5.98307515679747,0.0182693897546688,91.142027439087,23.5687256019156,-2.44354991559455,2
0.05,contrast,2,2,8.750472640915,0.0245445225296101,67.8403590987209,22.0789504010198,-1.675838431035,2
0.05,contrast,2,3,7.9366827626458,0.0276777080354175,60.160661431382,25.6584971215353,-2.26612501162811,2
0.05,contrast,3,1,7.03145708762751,0.0188630362875705,88.2736584360276,23.0159845752443,-2.78384053147675,2
0.05,contrast,3,2,9.35215123186936,0.0192395773018328,86.5460397696354,24.4673656229444,-2.69460888230742,2
0.05,contrast,3,3,6.99883052787235,0.0269630166784249,61.7553014254436,23.7201111725319,-1.11105079656139,2
0.05,precision,1,1,6.48574529171575,0.0314119599250862,53.0087656512515,20.7726215408896,-2.05075435175359,2
0.05,precision,1,2,9.11142336736832,0.0240949613660143,69.1061171263805,24.8216910727858,-2.10439359211984,2
0.05,precision,1,3,8.97013948682355,0.0227847797320452,73.0798911333576,25.552433297876,-0.492327753819496,2
0.05,precision,2,1,8.50037466227976,0.0316530850440935,52.6049584107161,23.6792739095751,-2.6592528466846,2
0.05,precision,2,2,6.67590660935716,0.0234282227497401,71.0727928491232,20.7124327544978,-2.08938784226601,2
0.05,precision,2,3,8.31989662547616,0.0240676159572735,69.1846348749877,27.3247566008884,-1.58096437650485,2
0.05,precision,3,1,5.35802496108855,0.0292820192922988,56.8645627097624,21.8437360502344,-3.52932214838254,2
0.05,precision,3,2,5.6103124112415,0.0302235907922253,55.0930309294595,21.7182413221737,-2.86211878139175,2
0.05,precision,3,3,10.063740835728,0.0250231249271123,66.5428169809146,25.0257023780063,-0.509475282193764,2
0.1,contrast,1,1,6.13870970553232,0.0270259022820104,61.6116052274696,19.2112712441492,-2.72421301746274,2
0.1,contrast,1,2,7.29873332232589,0.0255486460603791,65.1740690438249,21.2599068696252,-2.34671236907954,2
0.1,contrast,1,3,8.91928792518985,0.0311028964712852,53.5355034812484,23.3332139209426,-1.79076010788454,2
0.1,contrast,2,1,6.00289349291405,0.0182618618537368,91.1795979868654,22.1397357899002,-2.45792636856637,2
0.1,contrast,2,2,8.74748216347868,0.0245496241931471,67.8262611767475,20.7186845711638,-1.68577460288025,2
0.1,contrast,2,3,7.94910212483101,0.0276301842919159,60.2641373913157,24.0774533333686,-2.26455443959316,2
0.1,contrast,3,1,7.0607583175394,0.0189256132760994,87.9817841579913,21.5496259724028,-2.78272729629184,2
0.1,contrast,3,2,9.38540475076031,0.0192827513498171,86.3522633315079,22.9194896042287,-2.70450484215389,2
0.1,contrast,3,3,7.00993153035598,0.026920508308256,61.8528150824232,22.2920245481011,-1.11037632128396,2
0.1,precision,1,1,6.52255447913908,0.0315080280531012,52.847141671613,19.4254250828902,-2.05028370954078,2
0.1,precision,1,2,9.12574051384678,0.0240344181211328,69.2801970042834,23.2362252059743,-2.10742646963851,2
0.1,precision,1,3,8.96526579884196,0.0227242990820528,73.274393032015,24.004035809066,-0.487844104946582,2
0.1,precision,2,1,8.56174702872858,0.0317189400483825,52.4957397622846,22.1633763895897,-2.67174488228525,2
0.1,precision,2,2,6.70964895957681,0.0234774885007735,70.9236519170495,19.387963543209,-2.09647519587481,2
0.1,precision,2,3,8.35888327294959,0.0240870608443196,69.1287838344989,25.7122856625054,-1.58520762858103,2
0.1,precision,3,1,5.40590593356265,0.02949177068056,56.4601305344132,20.453480379659,-3.53587815299574,2
0.1,precision,3,2,5.62334271469793,0.0300431565927183,55.4239105060943,20.3818616642999,-2.86521819217045,2
0.1,precision,3,3,10.0836111929618,0.024994705324918,66.6184778203964,23.4526682587624,-0.51605959226562,2
0.25,contrast,1,1,6.21768565266621,0.02704552202222,61.5669100765509,15.1718512938643,-2.69630060980804,2
0.25,contrast,1,2,7.4134635594019,0.025400694001407,65.5536900772539,16.8359613517242,-2.29179095613305,2
0.25,contrast,1,3,9.0697746912958,0.0316447315431183,52.6188449425321,18.6568144791881,-1.79704569788266,2
0.25,contrast,2,1,6.08162641384947,0.018220152078488,91.3883273390095,17.7887540462973,-2.51913894292971,2
0.25,contrast,2,2,8.71639866800744,0.0245732862260522,67.7609501227423,16.5951005137443,-1.72099708962726,2
0.25,contrast,2,3,7.99521358422112,0.0274122718520005,60.7432040403422,19.2256806983376,-2.25115040176193,2
0.25,contrast,3,1,7.18002913363754,0.0191892738687761,86.7729145824943,17.0609203490579,-2.7701674501674,2
0.25,contrast,3,2,9.52328813993647,0.0194388337714204,85.6589053589983,18.2197486911761,-2.74163775310765,2
0.25,contrast,3,3,7.04682156622663,0.0267427973018004,62.263838876844,17.9452904428384,-1.10415566471027,2
0.25,precision,1,1,6.65687324353726,0.0319404569099826,52.1316657118636,15.271461022404,-2.04175204931743,2
0.25,precision,1,2,9.18081472044255,0.0237576260633368,70.0873571238256,18.3516149291513,-2.1204981056095,2
0.25,precision,1,3,8.94075202478226,0.0224658335745197,74.1174021783873,19.2812605910196,-0.469642639375026,2
0.25,precision,2,1,8.80071050185837,0.031956437446328,52.1055960981885,17.4919692961742,-2.71740715148618,2
0.25,precision,2,2,6.82954284030142,0.0236625708225306,70.3689060163294,15.3515681728058,-2.11803622055972,2
0.25,precision,2,3,8.52488810602662,0.024159461070793,68.9216211171361,20.806774737971,-1.60094897870879,2
0.25,precision,3,1,5.59022014444733,0.0303597096007382,54.8460194189376,16.1847753683526,-3.55701678811995,2
0.25,precision,3,2,5.66889153043982,0.0292877287433833,56.8534773353355,16.3010696815184,-2.87060590012803,2
0.25,precision,3,3,10.157568712586,0.0248509537513447,67.0038357069211,18.6171076939687,-0.545900880683958,2
