name,param_idx,estimate,bca_lo,bca_hi,pc_lo,pc_hi,excludes_zero,p_bca,p_bca_label,p_bonferroni,p_bonferroni_label,p_holm,p_holm_label,p_fdr_bh,p_fdr_bh_label,n_admit,z0,acc
A.contrast.prev_main(L1-L2),1,0.26656402524275,-1.54765179769434,2.72607979660625,-2.32511907065135,1.97967326303124,0,0.57780758550974,0.578,1,1.000,1,1.000,0.751149861162661,0.751,6587,0.300723532497993,-0.0250740624326484
A.contrast.prev_main(L1-L3),1,-0.338264484193648,-3.03002890309249,1.81019561178829,-2.70436044799494,2.09371704246842,0,0.713982000260176,0.714,1,1.000,1,1.000,0.822768376603029,0.823,8836,-0.0414296540570452,-0.0300332159717457
A.contrast.prev_main(L2-L3),1,-0.604828509436397,-1.6385143742273,1.34416339122991,-1.87669643311516,0.659217497518815,0,0.331822707867157,0.332,1,1.000,1,1.000,0.547770819336258,0.548,6134,0.178292024499272,-0.0226631996746518
A.contrast.curr_main(L1-L2),1,-1.98682057489134,-6.16298453187621,-0.294343512609264,-4.56111298297318,0.295411675305459,1,0.018952905431209,0.019*,1,1.000,1,1.000,0.108237787401068,0.108,6168,-0.213337720709423,-0.0585886288448061
A.contrast.curr_main(L1-L3),1,-1.34813853461586,-5.95890311214975,0.55774502576925,-4.16738039790033,1.55821190510078,0,0.158565168378793,0.159,1,1.000,1,1.000,0.336546479824377,0.337,6148,-0.267772511768229,-0.052901327515183
A.contrast.curr_main(L2-L3),1,0.638682040275486,-1.34593628778005,2.82292354245569,-1.20893420059796,2.98164105066193,0,0.541034705533156,0.541,1,1.000,1,1.000,0.748953274746081,0.749,9600,-0.0402213373259018,-0.013064585420742
A.contrast.diag(L1L1-L2L2),1,-2.04673118169049,-4.58629129449601,0.217600089209826,-4.50923097850283,0.308387045541432,0,0.0753425933544127,0.075,1,1.000,1,1.000,0.252762248672869,0.253,9965,-0.0421459646829716,0.000585452875255284
A.contrast.diag(L1L1-L3L3),1,-0.872938539571049,-4.89089455890251,2.33860302180337,-4.62598950373008,2.60182644567033,0,0.568916429855196,0.569,1,1.000,1,1.000,0.748953274746081,0.749,9931,-0.0349651350791551,-0.0130087236032479
A.contrast.diag(L2L2-L3L3),1,1.17379264211944,-1.89197909819537,3.91750271438737,-1.87421929187711,3.9362700699101,0,0.396564220927294,0.397,1,1.000,1,1.000,0.634502753483671,0.635,9923,-0.0170518601280937,0.0066659349257115
A.contrast.offdiag(L1L2-L2L1),1,1.61297205543025,-1.36720298476352,7.69376793390687,-2.52565398210805,5.65207020306729,0,0.267399434497857,0.267,1,1.000,1,1.000,0.487886687504861,0.488,6647,0.187957222375513,0.0258036461522472
A.contrast.offdiag(L1L3-L3L1),1,1.65028659512606,-1.6751102343093,7.76327450655221,-2.56941906244615,6.2368043211241,0,0.303812833925304,0.304,1,1.000,1,1.000,0.526608912137194,0.527,8982,0.215995422118761,0.014051968921232
A.contrast.offdiag(L2L3-L3L2),1,-1.88392309441573,-6.32498818317673,0.136202176709461,-5.34644568095064,0.582808805468013,0,0.0654071712193156,0.065,1,1.000,1,1.000,0.242366434326689,0.242,9757,-0.0669739528124905,-0.0470236327568991
A.contrast.cell_grand,1,7.65389062036097,5.68184927631915,8.95518576855036,6.5727126706134,10.0959616261519,1,0.0113237394279318,0.011*,1,1.000,1,1.000,0.0905899154234547,0.091,6106,-0.549914542995237,0.00424935274986841
A.precision.prev_main(L1-L2),1,0.449372844782732,-1.07649651618859,2.47436154578352,-1.43451577232224,2.04772197570276,0,0.505475842121593,0.505,1,1.000,1,1.000,0.739871727380412,0.740,8738,0.150307699666007,0.0158068892851236
A.precision.prev_main(L1-L3),1,1.20678502961156,-0.495073912529922,2.94003549063827,-0.432329878068042,3.00746770596168,0,0.138016777270773,0.138,1,1.000,1,1.000,0.330998313869175,0.331,8960,0.0139883371747636,-0.0237311660421567
A.precision.prev_main(L2-L3),1,0.757412184828827,-2.04174483218455,2.57417840717198,-1.47089713721465,3.10558439815565,0,0.62730247582505,0.627,1,1.000,1,1.000,0.787915649521866,0.788,8387,-0.137162201461113,-0.0393077885600057
A.precision.curr_main(L1-L2),1,5.16356943500718e-05,-2.07982665971874,3.03683690392329,-2.44255452575647,2.53575859024044,0,0.905003625815809,0.905,1,1.000,1,1.000,0.93188492163212,0.932,8274,0.119342989927745,0.0197170545914287
A.precision.curr_main(L1-L3),1,-1.71115010292668,-3.96252878834747,0.820452006822876,-3.87364485662368,1.02568121547207,0,0.139622454871164,0.140,1,1.000,1,1.000,0.330998313869175,0.331,9568,-0.0660670865397992,0.0131381696605623
A.precision.curr_main(L2-L3),1,-1.71120173862103,-4.08876142319189,-0.0036769647546375,-3.75214885148374,0.260113895244756,1,0.0491936148771839,0.049*,1,1.000,1,1.000,0.209543140864084,0.210,8418,-0.148536102986905,0.0119964604615219
A.precision.diag(L1L1-L2L2),1,0.183932315849561,-2.19232043924159,4.97816526824268,-2.8515236428316,3.61786133471863,0,0.741175543171186,0.741,1,1.000,1,1.000,0.837850614019602,0.838,9034,0.205372145058768,0.00672817044072317
A.precision.diag(L1L1-L3L3),1,-2.82010335707366,-4.87440246256524,-0.0884322516110064,-4.75311770185181,0.328473557856998,1,0.0455869439719316,0.046*,1,1.000,1,1.000,0.206132268394821,0.206,9970,-0.0954317280333922,0.0111039215834136
A.precision.diag(L2L2-L3L3),1,-3.00403567292322,-5.74957358558343,-1.02936880113574,-5.02857874939292,-0.299115654343285,1,0.00631671760223784,0.006**,0.656938630632736,0.657,0.606404889814833,0.606,0.0729931811814151,0.073,9049,-0.265264624866683,-0.00856294625122789
A.precision.offdiag(L1L2-L2L1),1,0.369359411417181,-3.26219808689378,4.25968245142261,-4.23282661654955,3.68780801514128,0,0.710967643735914,0.711,1,1.000,1,1.000,0.822768376603029,0.823,9698,0.152830866131521,-0.00600654964072265
A.precision.offdiag(L1L3-L3L1),1,2.99789693020944,-1.08254146576392,7.06218950718479,-0.664707364101192,7.50997980138212,0,0.14003774817542,0.140,1,1.000,1,1.000,0.330998313869175,0.331,9721,-0.0383011326871296,-0.0235088929149116
A.precision.offdiag(L2L3-L3L2),1,2.38865212577866,-1.36504597700441,7.89315157249843,-2.00321752014314,6.89162752374868,0,0.178370662011324,0.178,1,1.000,1,1.000,0.358949546975625,0.359,9359,0.179740170877666,-0.0174939705479123
A.precision.cell_grand,1,7.80060766293494,5.52311560942535,9.7367282080971,6.0866332754847,10.4170091339917,1,0.00159562905721339,0.002**,0.165945421950193,0.166,0.157967276664126,0.158,0.0276575703250321,0.028*,8203,-0.277784724514153,0.003741213552603
w.contrast.prev_main(L1-L2),2,0.00549565786537344,0.000619370102097666,0.0435170915823107,-0.045600729870865,0.0141269046001183,1,0.0233094414606048,0.023*,1,1.000,1,1.000,0.115375075734897,0.115,6587,0.179625625688633,0.142506317752257
w.contrast.prev_main(L1-L3),2,0.00636917334307713,-0.0123001292813701,0.0129165100006583,0.000875092871157776,0.0139799255081638,0,0.0686075966083865,0.069,1,1.000,1,1.000,0.242366434326689,0.242,8836,-0.0201428975143439,-0.0575483830925147
w.contrast.prev_main(L2-L3),2,0.000873515477703689,-0.0597271331832251,0.00294473264837433,-0.00438327442592694,0.0545061668876083,0,0.933828066204196,0.934,1,1.000,1,1.000,0.952138420443494,0.952,6134,-0.308873610099611,-0.144669679725099
w.contrast.curr_main(L1-L2),2,-0.00218915837172609,-0.0525587664234887,0.00217618541062865,-0.00869498162363923,0.0528234888635483,0,0.282432800390812,0.282,1,1.000,1,1.000,0.506431228286973,0.506,6168,-0.288000568493053,-0.143242334477969
w.contrast.curr_main(L1-L3),2,-0.00696740786114562,-0.0655946174972904,-0.0010636667598396,-0.0134712890258566,0.0493177338281385,1,0.0244062660208435,0.024*,1,1.000,1,1.000,0.115375075734897,0.115,6148,-0.306437831208527,-0.143410420644431
w.contrast.curr_main(L2-L3),2,-0.00477824948941953,-0.0151676805154264,0.00138684768914508,-0.012358616172532,0.00210764697723411,0,0.128723515120885,0.129,1,1.000,1,1.000,0.330998313869175,0.331,9600,-0.114615365584988,-0.015861935373339
w.contrast.diag(L1L1-L2L2),2,0.00207209491434481,-0.00619138936876633,0.0125939913394446,-0.00579868112661213,0.0138841691181332,0,0.655007346327773,0.655,1,1.000,1,1.000,0.810961476405814,0.811,9965,-0.0741473665047176,0.0131433664731979
w.contrast.diag(L1L1-L3L3),2,-0.00117522151106204,-0.0136798697202483,0.0136191106869088,-0.0142450281403321,0.0131179141939691,0,0.859583749502306,0.860,1,1.000,1,1.000,0.912211326002448,0.912,9931,0.0183003417215614,0.00676283232109052
w.contrast.diag(L2L2-L3L3),2,-0.00324731642540685,-0.0140004578529928,0.00294428518379742,-0.0142565835524185,0.00284581932649354,0,0.322729761141582,0.323,1,1.000,1,1.000,0.542378466775649,0.542,9923,-0.0167992160336943,0.0176207040284325
w.contrast.offdiag(L1L2-L2L1),2,0.00912897271843133,-0.00139838917008445,0.0391043899394962,-0.149466033122795,0.0282391353879584,0,0.127101571487242,0.127,1,1.000,1,1.000,0.330998313869175,0.331,6647,0.180669436880749,0.143230740601985
w.contrast.offdiag(L1L3-L3L1),2,0.011892424722891,0.00306041689287312,0.0237396426153437,-0.000144479534051003,0.0215205780128895,1,0.02081495911559,0.021*,1,1.000,1,1.000,0.108237787401068,0.108,8982,0.255595500569971,-0.0314590044759493
w.contrast.offdiag(L2L3-L3L2),2,0.00709592144845501,0.00146558274472327,0.0180960847379774,0.000692193146869312,0.0163250350655086,1,0.0187888075315514,0.019*,1,1.000,1,1.000,0.108237787401068,0.108,9757,0.0625973785473226,0.0194490366875004
w.contrast.cell_grand,2,0.0245076839504725,0.0213806326787427,0.0276211700781781,0.0222094799169327,0.0433779181632454,1,0.0195755377302911,0.020*,1,1.000,1,1.000,0.108237787401068,0.108,6106,-0.027097561832852,-0.142991157124261
w.precision.prev_main(L1-L2),2,-0.000945634143657437,-0.00406314572588005,0.0548481451934031,-0.0249120230992514,0.0236099216809423,0,0.837138996067081,0.837,1,1.000,1,1.000,0.897551088566767,0.898,8738,0.227715725377137,0.0488476509130451
w.precision.prev_main(L1-L3),2,-0.00228574910334125,-0.0351461581302011,0.06475787557928,-0.0548391920718626,0.00967596161811948,0,0.512218888186439,0.512,1,1.000,1,1.000,0.739871727380412,0.740,8960,0.123969674923176,0.143129350803403
w.precision.prev_main(L2-L3),2,-0.00134011495968381,-0.0490340056579461,0.059842163265884,-0.0553577173455663,0.0172526584617916,0,0.683045463335318,0.683,1,1.000,1,1.000,0.822768376603029,0.823,8387,-0.0608577257257057,0.141493834154084
w.precision.curr_main(L1-L2),2,0.00596160060828498,-0.055226732908292,0.0451484303012126,-0.0118769346688891,0.0558622844027487,0,0.296978759881014,0.297,1,1.000,1,1.000,0.523487983519075,0.523,8274,-0.0758106581851498,-0.141984356707054
w.precision.curr_main(L1-L3),2,0.007693453271437,-0.0485369492861634,0.0453123491105402,0.0046834508459549,0.0626492382193616,0,0.130382998104389,0.130,1,1.000,1,1.000,0.330998313869175,0.331,9568,-0.187625074685152,-0.144451612630125
w.precision.curr_main(L2-L3),2,0.00173185266315202,-0.00729500035844188,0.0100605566194023,-0.00414819862412711,0.0493497839136027,0,0.71992232952765,0.720,1,1.000,1,1.000,0.822768376603029,0.823,8418,-0.147331918072112,-0.0337680092947735
w.precision.diag(L1L1-L2L2),2,0.00755126316514212,-0.00161513172815121,0.0914003379282246,-0.00336624882482744,0.075685431294348,0,0.0834570872227956,0.083,1,1.000,1,1.000,0.255280502093257,0.255,9034,0.131900371256679,-0.0377348695200327
w.precision.diag(L1L1-L3L3),2,0.00641133859971137,-0.000533422212497639,0.0751745154149897,-0.000148570359959512,0.086818513114283,0,0.0699133945173142,0.070,1,1.000,1,1.000,0.242366434326689,0.242,9970,0.00125708572458381,-0.0305351846301861
w.precision.diag(L2L2-L3L3),2,-0.00113992456543075,-0.0107654392161265,0.00708905104204031,-0.00953822138136382,0.0120721332758396,0,0.715732764839428,0.716,1,1.000,1,1.000,0.822768376603029,0.823,9049,-0.0936261675399563,-0.0226375513280212
w.precision.offdiag(L1L2-L2L1),2,-0.00873750507820735,-0.0672538064339874,-0.00248283608974332,-0.0627432726415734,-0.00212419612966529,1,0.0101855225130092,0.010*,1,1.000,0.947253593709855,0.947,0.0882745284460797,0.088,9698,0.0356762304717083,-0.0474450116190742
w.precision.offdiag(L1L3-L3L1),2,-0.00814893204851331,-0.0166051551397317,0.171354668261899,-0.156923042037638,-0.00194215365053385,0,0.148583490228327,0.149,1,1.000,1,1.000,0.336546479824377,0.337,9721,0.194220160565335,0.144813401092426
w.precision.offdiag(L2L3-L3L2),2,-0.00490223794910077,-0.041664094153843,0.00735086659485562,-0.0415419926827203,0.00740347055501101,0,0.543076339177494,0.543,1,1.000,1,1.000,0.748953274746081,0.749,9359,0.00147306982545385,-0.00244263953950473
w.precision.cell_grand,2,0.0268006713223726,0.024381251041653,0.0440885837316923,0.0247852518299999,0.0477018931488388,1,0.015136015273146,0.015*,1,1.000,1,1.000,0.108237787401068,0.108,8203,0.00229181135157871,-0.139656811277842
sigma.contrast.prev_main(L1-L2),3,-0.457555542997294,-2.86132290663226,0.900484560775107,-3.02837188229014,0.856091401156679,0,0.618449074091962,0.618,1,1.000,1,1.000,0.787915649521866,0.788,6587,0.100823843292205,-0.0296351350987082
sigma.contrast.prev_main(L1-L3),3,-1.08461685319931,-3.4566773474849,0.586795131092028,-3.01456557610707,0.881383852976352,0,0.196395175736891,0.196,1,1.000,1,1.000,0.366272480646186,0.366,8836,-0.0980276133454116,-0.0261273947305564
sigma.contrast.prev_main(L2-L3),3,-0.627061310202014,-2.20037400805589,1.7767442651337,-2.33253735256704,1.54761250705787,0,0.559207360346852,0.559,1,1.000,1,1.000,0.748953274746081,0.749,6134,0.0658393770226256,0.00660786980566683
sigma.contrast.curr_main(L1-L2),3,-0.280375650404982,-2.02884334953823,0.973953689868213,-1.73132147954992,1.17759346711434,0,0.547887821744771,0.548,1,1.000,1,1.000,0.748953274746081,0.749,6168,-0.14682711431727,0.00952717658735391
sigma.contrast.curr_main(L1-L3),3,-1.51502586803083,-5.08981326209747,-0.220952203567701,-3.68202803326063,0.242382637069584,1,0.0203446096654287,0.020*,1,1.000,1,1.000,0.108237787401068,0.108,6148,-0.349464785525693,-0.0116365861711348
sigma.contrast.curr_main(L2-L3),3,-1.23465021762585,-4.23131620124762,0.332815512984993,-3.87325896538006,0.501275594073062,0,0.134109191108224,0.134,1,1.000,1,1.000,0.330998313869175,0.331,9600,-0.068725232149853,-0.0111628526199398
sigma.contrast.diag(L1L1-L2L2),3,-0.582019032187919,-3.28155441578519,2.40822875776285,-3.87303715235436,2.00646159581955,0,0.707745308508646,0.708,1,1.000,1,1.000,0.822768376603029,0.823,9965,0.0602810917370791,0.0305170722900641
sigma.contrast.diag(L1L1-L3L3),3,-2.86700599889027,-7.88372096823574,0.173210751737825,-7.51414641452821,0.348348498245498,0,0.06541809951635,0.065,1,1.000,1,1.000,0.242366434326689,0.242,9931,-0.0316820538113931,-0.0123585071689431
sigma.contrast.diag(L2L2-L3L3),3,-2.28498696670235,-5.67634055383689,0.0345600621945891,-5.27514493069491,0.244196127125494,0,0.0531460279500211,0.053,1,1.000,1,1.000,0.212584111800084,0.213,9923,-0.0693965315082101,-0.00738635717182036
sigma.contrast.offdiag(L1L2-L2L1),3,-0.775648026572011,-5.98279685688333,2.77675033269955,-6.03186991602618,2.75607104754084,0,0.710995931897928,0.711,1,1.000,1,1.000,0.822768376603029,0.823,6647,0.0496098737964242,-0.0211778142784005
sigma.contrast.offdiag(L1L3-L3L1),3,1.02887714881122,-2.34708484831417,4.80977345566186,-2.09448085611865,5.18919481554703,0,0.568215953741988,0.568,1,1.000,1,1.000,0.748953274746081,0.749,8982,-0.0142331728264912,-0.0316184472560335
sigma.contrast.offdiag(L2L3-L3L2),3,0.0091207734441312,-3.27342549214064,4.7071454576639,-3.39303334389065,4.49553200382551,0,0.982884291388673,0.983,1,1.000,1,1.000,0.983011745625069,0.983,9757,0.016314231437537,0.00643268999773453
sigma.contrast.cell_grand,3,16.5520880178723,13.3020929969561,25.8275881932403,12.5188162792417,22.6319937289019,1,8.32447682991502e-07,<0.001***,8.65745590311162e-05,<0.001***,8.57421113481247e-05,<0.001***,4.32872795155581e-05,<0.001***,6106,0.217638931254857,0.0501402395030301
sigma.precision.prev_main(L1-L2),3,0.489201424469833,-1.29951027129301,1.75608103594248,-1.21039821133799,1.80679316759392,0,0.508768720395181,0.509,1,1.000,1,1.000,0.739871727380412,0.740,8738,0.0209426917091496,-0.029085905069326
sigma.precision.prev_main(L1-L3),3,0.830082273631808,-0.419800402321098,2.24063677416347,-0.352164566618428,2.33023003578784,0,0.197223643424869,0.197,1,1.000,1,1.000,0.366272480646186,0.366,8960,-0.0736427638642931,0.0133261990434829
sigma.precision.prev_main(L2-L3),3,0.340880849161975,-1.61110092252708,2.34293765381762,-1.39277809079368,2.57781249332396,0,0.793871123656541,0.794,1,1.000,1,1.000,0.887769858712691,0.888,8387,-0.118178989030686,0.0055027141912847
sigma.precision.curr_main(L1-L2),3,-0.120221254997102,-1.50278003939293,2.96391784360632,-1.8523755638129,2.17289388319657,0,0.983011745625069,0.983,1,1.000,1,1.000,0.983011745625069,0.983,8274,0.110499134320077,0.070991249971644
sigma.precision.curr_main(L1-L3),3,-2.35685918382782,-5.40279999888101,-1.09232921955019,-4.94095886204557,-0.993008277441119,1,8.73260697484834e-05,<0.001***,0.00908191125384228,0.009**,0.00881993304459683,0.009**,0.00227047781346057,0.002**,9568,-0.0332776491793599,-0.0325473459392499
sigma.precision.curr_main(L2-L3),3,-2.23663792883072,-5.98534438679669,-0.473963106884297,-5.45992083248704,-0.255880460748406,1,0.00974611263696201,0.010**,1,1.000,0.916134587874429,0.916,0.0882745284460797,0.088,8418,-0.0748100033104364,-0.0254026285302194
sigma.precision.diag(L1L1-L2L2),3,0.942296703618561,-1.72207491872451,3.73323670790268,-1.99182163349364,3.50934358501173,0,0.432661878478272,0.433,1,1.000,1,1.000,0.671594557637914,0.672,9034,0.11959488288001,-0.0204694052182009
sigma.precision.diag(L1L1-L3L3),3,-1.81713622927182,-5.23612431394747,0.36921693011492,-5.35598196849722,0.315405894452964,0,0.119017711336844,0.119,1,1.000,1,1.000,0.330998313869175,0.331,9970,0.00955399433478157,0.00929435913740267
sigma.precision.diag(L2L2-L3L3),3,-2.75943293289039,-8.21329094543446,0.908071065392215,-7.61632781181019,1.25171927530424,0,0.156414547759171,0.156,1,1.000,1,1.000,0.336546479824377,0.337,9049,-0.0883412161146199,-0.00721336830589969
sigma.precision.offdiag(L1L2-L2L1),3,1.13005209744643,-4.23467423706635,4.82541679172502,-3.95293790542089,4.99236002553282,0,0.547626302349378,0.548,1,1.000,1,1.000,0.748953274746081,0.749,9698,0.0222301285606437,-0.0318054024698444
sigma.precision.offdiag(L1L3-L3L1),3,2.66631203948013,0.34419976803341,9.52755256974447,-0.168806082058446,7.19429236142562,1,0.0202887450283446,0.020*,1,1.000,1,1.000,0.108237787401068,0.108,9721,0.114610012237811,0.0632291988397916
sigma.precision.offdiag(L2L3-L3L2),3,3.0981481959722,-0.415974729157924,7.97848607220603,-0.155275577580821,8.50759291875065,0,0.0820129509991083,0.082,1,1.000,1,1.000,0.255280502093257,0.255,9359,-0.0537259066988553,-0.010337896176379
sigma.precision.cell_grand,3,16.627410510832,13.733440686127,24.5750576196835,13.1346345564632,21.6601300217536,1,2.26831188288969e-07,<0.001***,2.35904435820527e-05,<0.001***,2.35904435820527e-05,<0.001***,2.35904435820527e-05,<0.001***,8203,0.18236429724794,0.0594087912745955
beta.contrast.prev_main(L1-L2),4,-0.200413923915081,-0.797219846938087,0.284846060969511,-0.730125992296595,0.355099540946993,0,0.410005092355159,0.410,1,1.000,1,1.000,0.646068630377827,0.646,6587,-0.0142707986741323,-0.0521265242363224
beta.contrast.prev_main(L1-L3),4,-0.0508865271892605,-0.958211136703352,0.664958833315255,-0.964440774791011,0.66154228144013,0,0.870685942996454,0.871,1,1.000,1,1.000,0.914659980521528,0.915,8836,-0.0243992101336886,0.0156460691711819
beta.contrast.prev_main(L2-L3),4,0.14952739672582,-1.18950559028749,0.914918146650427,-0.874343178695771,1.05168098088251,0,0.885115847949838,0.885,1,1.000,1,1.000,0.920520481867831,0.921,6134,-0.171238141546926,-0.00375247543619254
beta.contrast.curr_main(L1-L2),4,-0.448689292900657,-1.03774671889406,0.222144505638496,-1.06101542298583,0.205469578470189,0,0.176491284934362,0.176,1,1.000,1,1.000,0.358949546975625,0.359,6168,0,0.0189856957814808
beta.contrast.curr_main(L1-L3),4,-1.00827710951096,-1.98946100490897,-0.267444179072125,-1.83916538811156,-0.133350114358771,1,0.00862555127457698,0.009**,0.897057332556006,0.897,0.819427371084813,0.819,0.0882745284460797,0.088,6148,-0.13577722322136,-0.0138686554823173
beta.contrast.curr_main(L2-L3),4,-0.559587816610299,-1.64784167509746,0.284411997634351,-1.55860108534554,0.341904832409426,0,0.179474773487812,0.179,1,1.000,1,1.000,0.358949546975625,0.359,9600,-0.0407439796453426,-0.0146307137103051
beta.contrast.diag(L1L1-L2L2),4,-1.10135049328579,-2.47880537183703,0.122997232142635,-2.43001132320155,0.158870502704859,0,0.0780018755203609,0.078,1,1.000,1,1.000,0.253506095441173,0.254,9965,-0.0378663031264181,0.00236622484684709
beta.contrast.diag(L1L1-L3L3),4,-1.58809367041078,-2.59094133254019,-0.584636041387982,-2.62701630913338,-0.609800349731964,1,0.00329904527857017,0.003**,0.343100708971297,0.343,0.322980835721411,0.323,0.0428875886214122,0.043*,9931,-0.0304194231029362,0.0298403573198483
beta.contrast.diag(L2L2-L3L3),4,-0.486743177124998,-2.34423356976167,0.734096122545572,-2.10552004567996,0.857223700155222,0,0.459049058857959,0.459,1,1.000,1,1.000,0.691900030742431,0.692,9923,-0.0476345988499115,-0.0254962730878048
beta.contrast.offdiag(L1L2-L2L1),4,0.0432968995471598,-0.582912867465918,0.681019770755897,-0.60475599717857,0.661350037794403,0,0.834475944042449,0.834,1,1.000,1,1.000,0.897551088566767,0.898,6647,0.0605626282065024,-0.0149176358004733
beta.contrast.offdiag(L1L3-L3L1),4,1.16236905176011,-0.497772223514685,2.60130610619969,-0.549741352098659,2.55556769675369,0,0.154133414801205,0.154,1,1.000,1,1.000,0.336546479824377,0.337,8982,-0.00334887502995708,0.0165562671277075
beta.contrast.offdiag(L2L3-L3L2),4,0.504136743897702,-1.91576813307194,2.54674433370953,-1.91577801798251,2.54659973112101,0,0.628817297214566,0.629,1,1.000,1,1.000,0.787915649521866,0.788,9757,0.0137448842117927,-0.00710304538764633
beta.contrast.cell_grand,4,-0.394877305330999,-1.67151885673078,0.103299916035936,-1.24955157953818,0.246959053648255,0,0.118678070600079,0.119,1,1.000,1,1.000,0.330998313869175,0.331,6106,-0.307322251758336,0.00820524072375067
beta.precision.prev_main(L1-L2),4,0.575802032001808,-0.268047430254555,1.48904552819434,-0.229050420553083,1.54455555873631,0,0.195906048536522,0.196,1,1.000,1,1.000,0.366272480646186,0.366,8738,-0.0582665916033563,0.00727086797307777
beta.precision.prev_main(L1-L3),4,0.760961497063529,-0.194123789731909,2.17111978814426,-0.195340715128359,2.16707609989628,0,0.131739752349321,0.132,1,1.000,1,1.000,0.330998313869175,0.331,8960,-0.0669119674879171,0.036180364789536
beta.precision.prev_main(L2-L3),4,0.185159465061721,-1.05015842886903,1.66869316758679,-1.0018653220578,1.75547458409974,0,0.822494895258637,0.822,1,1.000,1,1.000,0.897551088566767,0.898,8387,-0.0500817643645909,0.00208697602423583
beta.precision.curr_main(L1-L2),4,-0.3823985818383,-1.1812751171983,0.410260225156317,-1.17004544178243,0.42112431726821,0,0.351845031756606,0.352,1,1.000,1,1.000,0.571748176604484,0.572,8274,-0.0145422284190443,-0.000724232124884702
beta.precision.curr_main(L1-L3),4,-1.90745207887327,-2.83667970665024,-0.83927444600779,-2.87400509808958,-0.879857001332454,1,0.00150386660095303,0.002**,0.156402126499115,0.156,0.150386660095303,0.150,0.0276575703250321,0.028*,9568,0.03406403598633,0.00346095582967509
beta.precision.curr_main(L2-L3),4,-1.52505349703497,-2.47375052304152,-0.595919831809836,-2.60895923424124,-0.701989598725907,1,0.00329572281348378,0.003**,0.342755172602313,0.343,0.322980835721411,0.323,0.0428875886214122,0.043*,8418,0.163908972606482,-0.0255415689462514
beta.precision.diag(L1L1-L2L2),4,0.189344861713468,-1.66878070908594,2.12533207926912,-1.66353774022945,2.13469592209107,0,0.822349881786766,0.822,1,1.000,1,1.000,0.897551088566767,0.898,9034,0.0138737474423658,-0.00865684716821683
beta.precision.diag(L1L1-L3L3),4,-1.41627598829041,-2.69162559191619,0.00186313640677817,-2.61181945280914,0.116029710646175,0,0.0503709473230971,0.050,1,1.000,1,1.000,0.209543140864084,0.210,9970,-0.0606286389426148,-0.00630393271257905
beta.precision.diag(L2L2-L3L3),4,-1.60562085000388,-3.1021229273299,0.724362479202358,-3.24497866342731,0.412073019249928,0,0.155694043738726,0.156,1,1.000,1,1.000,0.336546479824377,0.337,9049,0.0414242572765757,0.0333411859074781
beta.precision.offdiag(L1L2-L2L1),4,0.680567709596692,-1.18954040091576,1.93634360084898,-0.903969576311885,2.09349524418826,0,0.452745914541079,0.453,1,1.000,1,1.000,0.691900030742431,0.692,9698,-0.0649211889416249,-0.0394080755812584
beta.precision.offdiag(L1L3-L3L1),4,2.94604648018022,1.57306440175665,5.37916589046126,1.49469732451329,5.16143876994031,1,7.83204032595225e-06,<0.001***,0.000814532193899034,<0.001***,0.00079886811324713,<0.001***,0.000271510731299678,<0.001***,9721,-0.0318507287406222,0.0495919165614657
beta.precision.offdiag(L2L3-L3L2),4,1.43258005785328,-0.838196454939244,3.24060570810641,-0.542340303672385,3.46311875441275,0,0.186242492868101,0.186,1,1.000,1,1.000,0.365456967137406,0.365,9359,-0.0751973428462867,-0.017334509639275
beta.precision.cell_grand,4,-0.203072185383121,-1.27801701813531,0.230499568425612,-0.881492248659963,0.376895974958788,0,0.323341009039329,0.323,1,1.000,1,1.000,0.542378466775649,0.542,8203,-0.30744722568604,-0.0270327691234192
