subject_id,cell,param,influence,influence_abs
001,1,A,0.141567558934664,0.141567558934664
001,1,w,-0.00289967325814654,0.00289967325814654
001,1,sigma,-0.649104890996462,0.649104890996462
001,1,beta,0.162799751502183,0.162799751502183
001,2,A,0.262524560762416,0.262524560762416
001,2,w,-0.000804943851752993,0.000804943851752993
001,2,sigma,-0.554573685526883,0.554573685526883
001,2,beta,0.193793136097464,0.193793136097464
001,3,A,-0.00293044510106277,0.00293044510106277
001,3,w,-0.000661601670219683,0.000661601670219683
001,3,sigma,-1.30553255947692,1.30553255947692
001,3,beta,0.243098001044004,0.243098001044004
001,4,A,0.937261205066684,0.937261205066684
001,4,w,0.00113175391114646,0.00113175391114646
001,4,sigma,-0.799639340374686,0.799639340374686
001,4,beta,0.0669022753772927,0.0669022753772927
001,5,A,0.321627678190458,0.321627678190458
001,5,w,-0.00159646916521435,0.00159646916521435
001,5,sigma,-0.337694362775773,0.337694362775773
001,5,beta,0.0428933069845655,0.0428933069845655
001,6,A,1.29574916503453,1.29574916503453
001,6,w,0.00198701562300638,0.00198701562300638
001,6,sigma,-0.776527755176659,0.776527755176659
001,6,beta,0.294679132278358,0.294679132278358
001,7,A,0.677639733775115,0.677639733775115
001,7,w,-0.00178991418211752,0.00178991418211752
001,7,sigma,-0.0355881232673738,0.0355881232673738
001,7,beta,-0.0874813888773254,0.0874813888773254
001,8,A,0.649390195370064,0.649390195370064
001,8,w,6.4084140806251e-05,6.4084140806251e-05
001,8,sigma,-0.306862091985309,0.306862091985309
001,8,beta,0.0981142355724512,0.0981142355724512
001,9,A,0.652439596968427,0.652439596968427
001,9,w,-0.00150235909802489,0.00150235909802489
001,9,sigma,-0.0898175675657065,0.0898175675657065
001,9,beta,-0.165053647442499,0.165053647442499
001,10,A,0.240617131169568,0.240617131169568
001,10,w,-0.00273395355048734,0.00273395355048734
001,10,sigma,-0.393972600959334,0.393972600959334
001,10,beta,-0.0342789515687162,0.0342789515687162
001,11,A,0.723330368305056,0.723330368305056
001,11,w,-0.000159552554269842,0.000159552554269842
001,11,sigma,-0.701837540803105,0.701837540803105
001,11,beta,-0.0608855708538513,0.0608855708538513
001,12,A,1.15549302974499,1.15549302974499
001,12,w,0.00103647875173567,0.00103647875173567
001,12,sigma,0.135099794628815,0.135099794628815
001,12,beta,0.431956206633859,0.431956206633859
001,13,A,0.30370949162252,0.30370949162252
001,13,w,-0.000764224967469536,0.000764224967469536
001,13,sigma,-0.488403256314704,0.488403256314704
001,13,beta,0.148482299842471,0.148482299842471
001,14,A,0.991177470053068,0.991177470053068
001,14,w,0.000959099097237699,0.000959099097237699
001,14,sigma,0.124865501475897,0.124865501475897
001,14,beta,-0.0504829149611791,0.0504829149611791
001,15,A,0.819986090935759,0.819986090935759
001,15,w,1.7717779957984e-05,1.7717779957984e-05
001,15,sigma,-0.180792879389948,0.180792879389948
001,15,beta,0.328445907926689,0.328445907926689
001,16,A,0.57302629143968,0.57302629143968
001,16,w,-0.000797812779137583,0.000797812779137583
001,16,sigma,0.0945409333016407,0.0945409333016407
001,16,beta,-0.102871477193483,0.102871477193483
001,17,A,0.417518866310529,0.417518866310529
001,17,w,-0.0034160192670841,0.0034160192670841
001,17,sigma,-0.289681515403441,0.289681515403441
001,17,beta,-0.177663027765872,0.177663027765872
001,18,A,0.353192074092789,0.353192074092789
001,18,w,-0.00118861949402279,0.00118861949402279
001,18,sigma,-0.649513529180631,0.649513529180631
001,18,beta,-0.148882947804939,0.148882947804939
002,1,A,0.0114910877929182,0.0114910877929182
002,1,w,-0.000734288076814315,0.000734288076814315
002,1,sigma,0.298712529420156,0.298712529420156
002,1,beta,-0.128129047398146,0.128129047398146
002,2,A,-0.683994035003844,0.683994035003844
002,2,w,-0.0099531408006471,0.0099531408006471
002,2,sigma,-0.0309947062164788,0.0309947062164788
002,2,beta,0.0718930510897715,0.0718930510897715
002,3,A,0.658845858853017,0.658845858853017
002,3,w,-0.000479030328863435,0.000479030328863435
002,3,sigma,0.242535086511477,0.242535086511477
002,3,beta,0.132682909812571,0.132682909812571
002,4,A,0.066726956103321,0.066726956103321
002,4,w,0.0010614529981225,0.0010614529981225
002,4,sigma,0.693320556945601,0.693320556945601
002,4,beta,-0.0668190793921809,0.0668190793921809
002,5,A,0.0105901432839346,0.0105901432839346
002,5,w,0.000578814391075502,0.000578814391075502
002,5,sigma,0.350605857949329,0.350605857949329
002,5,beta,-0.0820345022753728,0.0820345022753728
002,6,A,0.535465636460547,0.535465636460547
002,6,w,0.000352186670325397,0.000352186670325397
002,6,sigma,0.609777158247436,0.609777158247436
002,6,beta,0.196271021205118,0.196271021205118
002,7,A,0.257584549995544,0.257584549995544
002,7,w,-0.000916285151030309,0.000916285151030309
002,7,sigma,-0.365124280038216,0.365124280038216
002,7,beta,-0.315273833829588,0.315273833829588
002,8,A,0.463164918639404,0.463164918639404
002,8,w,0.000487555267555499,0.000487555267555499
002,8,sigma,0.0602082131531816,0.0602082131531816
002,8,beta,-0.208777915067576,0.208777915067576
002,9,A,0.642930716788599,0.642930716788599
002,9,w,0.000187403453996246,0.000187403453996246
002,9,sigma,0.448790540852919,0.448790540852919
002,9,beta,0.0238012199243925,0.0238012199243925
002,10,A,0.481648960434691,0.481648960434691
002,10,w,-0.00133023924380723,0.00133023924380723
002,10,sigma,-0.296073103939772,0.296073103939772
002,10,beta,0.130402115502821,0.130402115502821
002,11,A,0.0898546732635062,0.0898546732635062
002,11,w,-0.00115434267123046,0.00115434267123046
002,11,sigma,0.270583853424135,0.270583853424135
002,11,beta,0.391521297455669,0.391521297455669
002,12,A,1.01362485502704,1.01362485502704
002,12,w,0.000284793702054611,0.000284793702054611
002,12,sigma,1.2629333622222,1.2629333622222
002,12,beta,0.339149801095819,0.339149801095819
002,13,A,0.104699800822221,0.104699800822221
002,13,w,-0.00134636720017119,0.00134636720017119
002,13,sigma,0.626524806548753,0.626524806548753
002,13,beta,0.179973605602973,0.179973605602973
002,14,A,0.658423763756116,0.658423763756116
002,14,w,2.49580543465015e-05,2.49580543465015e-05
002,14,sigma,0.56694538401497,0.56694538401497
002,14,beta,-0.119201721692338,0.119201721692338
002,15,A,0.626566686215093,0.626566686215093
002,15,w,-0.000366271611911058,0.000366271611911058
002,15,sigma,0.754127157438038,0.754127157438038
002,15,beta,0.174167578819326,0.174167578819326
002,16,A,0.178241636231725,0.178241636231725
002,16,w,5.81466682040808e-05,5.81466682040808e-05
002,16,sigma,-0.0690254567914241,0.0690254567914241
002,16,beta,-0.156669246727674,0.156669246727674
002,17,A,0.115254231001294,0.115254231001294
002,17,w,-0.00385188053023192,0.00385188053023192
002,17,sigma,0.202141915091978,0.202141915091978
002,17,beta,-0.164857293521089,0.164857293521089
002,18,A,0.321638986040602,0.321638986040602
002,18,w,-0.000572009678847921,0.000572009678847921
002,18,sigma,0.0352277419159002,0.0352277419159002
002,18,beta,0.03239640474178,0.03239640474178
003,1,A,0.425922023293801,0.425922023293801
003,1,w,-0.000222978829033271,0.000222978829033271
003,1,sigma,0.88726870284623,0.88726870284623
003,1,beta,0.139115361292613,0.139115361292613
003,2,A,0.684796204737821,0.684796204737821
003,2,w,0.00267257274969433,0.00267257274969433
003,2,sigma,0.552726214013617,0.552726214013617
003,2,beta,0.192097698684226,0.192097698684226
003,3,A,-0.278999197665781,0.278999197665781
003,3,w,0.000647289775989743,0.000647289775989743
003,3,sigma,0.367018489671274,0.367018489671274
003,3,beta,-0.0251632417510786,0.0251632417510786
003,4,A,-0.264446002064765,0.264446002064765
003,4,w,-0.00110656159088726,0.00110656159088726
003,4,sigma,0.130202316517643,0.130202316517643
003,4,beta,0.131663294624585,0.131663294624585
003,5,A,0.222912283605723,0.222912283605723
003,5,w,-0.000225668779544049,0.000225668779544049
003,5,sigma,0.0753747352493068,0.0753747352493068
003,5,beta,-0.169837398092313,0.169837398092313
003,6,A,-0.413947658410089,0.413947658410089
003,6,w,0.00013385421464393,0.00013385421464393
003,6,sigma,0.610586002829564,0.610586002829564
003,6,beta,0.17910412585252,0.17910412585252
003,7,A,0.711966545272279,0.711966545272279
003,7,w,0.00162334384791976,0.00162334384791976
003,7,sigma,0.318093100443839,0.318093100443839
003,7,beta,0.0929839011564277,0.0929839011564277
003,8,A,-0.708471543500901,0.708471543500901
003,8,w,-0.00019583523624285,0.00019583523624285
003,8,sigma,-0.201743566215569,0.201743566215569
003,8,beta,-0.11126182223392,0.11126182223392
003,9,A,-0.286072971052718,0.286072971052718
003,9,w,0.000414101237437382,0.000414101237437382
003,9,sigma,0.206216860407604,0.206216860407604
003,9,beta,0.277638393600285,0.277638393600285
003,10,A,-0.475416537210569,0.475416537210569
003,10,w,-0.000110959155529711,0.000110959155529711
003,10,sigma,0.194208198728193,0.194208198728193
003,10,beta,0.0603895524323786,0.0603895524323786
003,11,A,-0.112349978761038,0.112349978761038
003,11,w,0.000424425976061717,0.000424425976061717
003,11,sigma,0.367665830062606,0.367665830062606
003,11,beta,0.0323224719099524,0.0323224719099524
003,12,A,-0.852285944416167,0.852285944416167
003,12,w,-0.000631632270570937,0.000631632270570937
003,12,sigma,-0.0411890514475139,0.0411890514475139
003,12,beta,-0.0701273498840893,0.0701273498840893
003,13,A,0.0508296498059906,0.0508296498059906
003,13,w,-0.000580196337022797,0.000580196337022797
003,13,sigma,0.212680829278204,0.212680829278204
003,13,beta,0.137057976714974,0.137057976714974
003,14,A,0.04889145771741,0.04889145771741
003,14,w,0.000837472238293814,0.000837472238293814
003,14,sigma,0.452593257409061,0.452593257409061
003,14,beta,-0.017689675015824,0.017689675015824
003,15,A,-0.23580922688974,0.23580922688974
003,15,w,-0.000605055008465902,0.000605055008465902
003,15,sigma,-0.320415831035731,0.320415831035731
003,15,beta,-0.0233428177677172,0.0233428177677172
003,16,A,0.338694382509719,0.338694382509719
003,16,w,0.000862328479219462,0.000862328479219462
003,16,sigma,0.215907465344834,0.215907465344834
003,16,beta,0.0253711125273477,0.0253711125273477
003,17,A,-0.205159882488643,0.205159882488643
003,17,w,-0.00429723521717126,0.00429723521717126
003,17,sigma,0.144013788149024,0.144013788149024
003,17,beta,-0.0953426537528437,0.0953426537528437
003,18,A,-0.395209025619783,0.395209025619783
003,18,w,0.000140993366634187,0.000140993366634187
003,18,sigma,-0.0807651864767713,0.0807651864767713
003,18,beta,0.0136450406789268,0.0136450406789268
004,1,A,0.0765519595158377,0.0765519595158377
004,1,w,-0.000251282928961462,0.000251282928961462
004,1,sigma,0.6161912173995,0.6161912173995
004,1,beta,-0.0940648740317553,0.0940648740317553
004,2,A,0.204904888130259,0.204904888130259
004,2,w,-0.000783391670514479,0.000783391670514479
004,2,sigma,1.38061027204088,1.38061027204088
004,2,beta,-0.279663450476997,0.279663450476997
004,3,A,0.180761636546297,0.180761636546297
004,3,w,9.43900577890233e-05,9.43900577890233e-05
004,3,sigma,1.52495961678112,1.52495961678112
004,3,beta,-0.251751681993695,0.251751681993695
004,4,A,0.0249521646835289,0.0249521646835289
004,4,w,0.000275217068538138,0.000275217068538138
004,4,sigma,0.690690888236279,0.690690888236279
004,4,beta,-0.332257449406855,0.332257449406855
004,5,A,0.105466122834915,0.105466122834915
004,5,w,0.000276151637859993,0.000276151637859993
004,5,sigma,1.15974247269445,1.15974247269445
004,5,beta,-0.207364044988323,0.207364044988323
004,6,A,0.013031359107428,0.013031359107428
004,6,w,0.000807974153828508,0.000807974153828508
004,6,sigma,1.22891153965299,1.22891153965299
004,6,beta,-0.0564901188697161,0.0564901188697161
004,7,A,-0.164053075552469,0.164053075552469
004,7,w,-0.00130665775235173,0.00130665775235173
004,7,sigma,1.2491126325081,1.2491126325081
004,7,beta,-0.0582339379545314,0.0582339379545314
004,8,A,0.246930719806388,0.246930719806388
004,8,w,4.4019133891824e-05,4.4019133891824e-05
004,8,sigma,1.29431580587093,1.29431580587093
004,8,beta,-0.4211230188749,0.4211230188749
004,9,A,-0.434669543323619,0.434669543323619
004,9,w,0.00168192003042411,0.00168192003042411
004,9,sigma,0.700621228144044,0.700621228144044
004,9,beta,-0.00564671141416984,0.00564671141416984
004,10,A,-0.116773518225913,0.116773518225913
004,10,w,0.000869255991173642,0.000869255991173642
004,10,sigma,0.986138633749173,0.986138633749173
004,10,beta,-0.0273716036170375,0.0273716036170375
004,11,A,-0.000858297854193779,0.000858297854193779
004,11,w,-0.000134479383336824,0.000134479383336824
004,11,sigma,0.25400317658837,0.25400317658837
004,11,beta,-0.167162364344291,0.167162364344291
004,12,A,-0.365303513026802,0.365303513026802
004,12,w,-0.000307330931544853,0.000307330931544853
004,12,sigma,1.41829341010084,1.41829341010084
004,12,beta,-0.500230378498842,0.500230378498842
004,13,A,0.0417419396956209,0.0417419396956209
004,13,w,0.00109143793754134,0.00109143793754134
004,13,sigma,1.5837785502062,1.5837785502062
004,13,beta,-0.22149302180298,0.22149302180298
004,14,A,-0.662152527630358,0.662152527630358
004,14,w,0.00100945526434438,0.00100945526434438
004,14,sigma,0.512290524800445,0.512290524800445
004,14,beta,-0.304123868027402,0.304123868027402
004,15,A,0.354289499495783,0.354289499495783
004,15,w,0.000258991198065585,0.000258991198065585
004,15,sigma,1.42080380838626,1.42080380838626
004,15,beta,-0.353961927625603,0.353961927625603
004,16,A,-0.405554596495379,0.405554596495379
004,16,w,-0.00159528364872348,0.00159528364872348
004,16,sigma,1.26611349831649,1.26611349831649
004,16,beta,-0.281387109000099,0.281387109000099
004,17,A,-0.492608405099804,0.492608405099804
004,17,w,0.000243160695593561,0.000243160695593561
004,17,sigma,0.634192535075043,0.634192535075043
004,17,beta,0.00860977883310432,0.00860977883310432
004,18,A,-0.313704144722108,0.313704144722108
004,18,w,-0.000485739543761066,0.000485739543761066
004,18,sigma,1.10679925818273,1.10679925818273
004,18,beta,-0.176809965777767,0.176809965777767
006,1,A,0.478511236791928,0.478511236791928
006,1,w,0.00143162746732919,0.00143162746732919
006,1,sigma,-0.498463537588577,0.498463537588577
006,1,beta,-0.0566778004458808,0.0566778004458808
006,2,A,-0.0211489891924153,0.0211489891924153
006,2,w,-0.00454939253423086,0.00454939253423086
006,2,sigma,-0.812020751304278,0.812020751304278
006,2,beta,0.506737873838979,0.506737873838979
006,3,A,-0.419265244538973,0.419265244538973
006,3,w,-4.89737019608791e-05,4.89737019608791e-05
006,3,sigma,-0.951487830686361,0.951487830686361
006,3,beta,0.00746945976572685,0.00746945976572685
006,4,A,0.0493837446832863,0.0493837446832863
006,4,w,-0.000308317654487151,0.000308317654487151
006,4,sigma,-0.958337387882967,0.958337387882967
006,4,beta,0.674960202777749,0.674960202777749
006,5,A,0.150921609462458,0.150921609462458
006,5,w,-0.000314195741128887,0.000314195741128887
006,5,sigma,-0.758538569379466,0.758538569379466
006,5,beta,0.0289692334070794,0.0289692334070794
006,6,A,0.289151098641254,0.289151098641254
006,6,w,0.000678874413453032,0.000678874413453032
006,6,sigma,-0.764702152949205,0.764702152949205
006,6,beta,0.359139257416376,0.359139257416376
006,7,A,0.0323621058079775,0.0323621058079775
006,7,w,-0.000291538374047242,0.000291538374047242
006,7,sigma,-1.51138255377861,1.51138255377861
006,7,beta,0.281323896243622,0.281323896243622
006,8,A,0.0354770670884825,0.0354770670884825
006,8,w,0.0010938818830998,0.0010938818830998
006,8,sigma,-1.31277785958972,1.31277785958972
006,8,beta,0.392789110374402,0.392789110374402
006,9,A,-0.0478957137021707,0.0478957137021707
006,9,w,-0.00139147590777809,0.00139147590777809
006,9,sigma,-0.530248721303025,0.530248721303025
006,9,beta,0.0198683781188895,0.0198683781188895
006,10,A,0.418106388771122,0.418106388771122
006,10,w,0.000606560144720505,0.000606560144720505
006,10,sigma,-0.699277054410892,0.699277054410892
006,10,beta,0.100952018029219,0.100952018029219
006,11,A,-0.162443076108012,0.162443076108012
006,11,w,-0.000433743835869874,0.000433743835869874
006,11,sigma,-1.04765089410909,1.04765089410909
006,11,beta,0.0591671278185896,0.0591671278185896
006,12,A,0.519243692131647,0.519243692131647
006,12,w,-0.000722408427063996,0.000722408427063996
006,12,sigma,-0.369355744941068,0.369355744941068
006,12,beta,-0.103947296386445,0.103947296386445
006,13,A,-0.0632659740759856,0.0632659740759856
006,13,w,-0.000419822237330093,0.000419822237330093
006,13,sigma,-1.19581893311073,1.19581893311073
006,13,beta,0.596353813531194,0.596353813531194
006,14,A,-0.186383200756024,0.186383200756024
006,14,w,-0.00140246625836089,0.00140246625836089
006,14,sigma,-0.394126432091221,0.394126432091221
006,14,beta,-0.0400089059548678,0.0400089059548678
006,15,A,0.442695284302657,0.442695284302657
006,15,w,0.00106592963161942,0.00106592963161942
006,15,sigma,-0.247810249400086,0.247810249400086
006,15,beta,0.0847931490571588,0.0847931490571588
006,16,A,2.0463384459422,2.0463384459422
006,16,w,-0.116182638642085,0.116182638642085
006,16,sigma,-0.527892697205544,0.527892697205544
006,16,beta,0.0177094190369638,0.0177094190369638
006,17,A,0.318856900273832,0.318856900273832
006,17,w,0.00220236680179729,0.00220236680179729
006,17,sigma,-0.256887462297405,0.256887462297405
006,17,beta,-0.0807555047196015,0.0807555047196015
006,18,A,0.149017335464507,0.149017335464507
006,18,w,0.00116024999459318,0.00116024999459318
006,18,sigma,-1.74560256103603,1.74560256103603
006,18,beta,0.34502137311403,0.34502137311403
007,1,A,-0.105366689630078,0.105366689630078
007,1,w,0.00218921658555859,0.00218921658555859
007,1,sigma,-1.22197886995545,1.22197886995545
007,1,beta,0.3902200759221,0.3902200759221
007,2,A,-0.611896629011202,0.611896629011202
007,2,w,0.00150414150465126,0.00150414150465126
007,2,sigma,-0.59110100572029,0.59110100572029
007,2,beta,0.0705612509374876,0.0705612509374876
007,3,A,0.0990024374778233,0.0990024374778233
007,3,w,-0.000146300483430707,0.000146300483430707
007,3,sigma,-0.979467051258073,0.979467051258073
007,3,beta,0.166404677604802,0.166404677604802
007,4,A,0.0933430617583602,0.0933430617583602
007,4,w,0.000218820530530271,0.000218820530530271
007,4,sigma,-0.696156797545111,0.696156797545111
007,4,beta,0.0830972142911154,0.0830972142911154
007,5,A,-0.686975912862446,0.686975912862446
007,5,w,-0.000102298252138998,0.000102298252138998
007,5,sigma,-0.845140604345151,0.845140604345151
007,5,beta,0.524400620162015,0.524400620162015
007,6,A,-0.512481557171257,0.512481557171257
007,6,w,-0.000979310341575359,0.000979310341575359
007,6,sigma,-1.83757560813396,1.83757560813396
007,6,beta,0.447357605735866,0.447357605735866
007,7,A,-0.294595966557487,0.294595966557487
007,7,w,0.001654245039148,0.001654245039148
007,7,sigma,-0.864502826159292,0.864502826159292
007,7,beta,-0.139920687989895,0.139920687989895
007,8,A,-0.52010544911707,0.52010544911707
007,8,w,0.000307437489376668,0.000307437489376668
007,8,sigma,-1.29655327015495,1.29655327015495
007,8,beta,0.00135809503897599,0.00135809503897599
007,9,A,-0.66953288979026,0.66953288979026
007,9,w,-0.000335652664588969,0.000335652664588969
007,9,sigma,-1.07810146576453,1.07810146576453
007,9,beta,0.384613934165688,0.384613934165688
007,10,A,-0.600641331989341,0.600641331989341
007,10,w,0.000127326019561103,0.000127326019561103
007,10,sigma,-0.679188563973181,0.679188563973181
007,10,beta,-0.171192472725825,0.171192472725825
007,11,A,-0.141511663292857,0.141511663292857
007,11,w,-0.000625653726821784,0.000625653726821784
007,11,sigma,-0.784648092726929,0.784648092726929
007,11,beta,0.306063302373951,0.306063302373951
007,12,A,-0.363361311946562,0.363361311946562
007,12,w,-0.000651467382914613,0.000651467382914613
007,12,sigma,-0.553193830627787,0.553193830627787
007,12,beta,0.0484668653507674,0.0484668653507674
007,13,A,-0.492015926681791,0.492015926681791
007,13,w,-0.00137739320499555,0.00137739320499555
007,13,sigma,-0.973857350111121,0.973857350111121
007,13,beta,0.0021698585876927,0.0021698585876927
007,14,A,0.0527446837390002,0.0527446837390002
007,14,w,0.000359858952589078,0.000359858952589078
007,14,sigma,-1.03494126796249,1.03494126796249
007,14,beta,0.0853155705433628,0.0853155705433628
007,15,A,-0.0636673625614375,0.0636673625614375
007,15,w,-0.000133595058770437,0.000133595058770437
007,15,sigma,-0.723344618482493,0.723344618482493
007,15,beta,0.173555600251833,0.173555600251833
007,16,A,-0.651216810551777,0.651216810551777
007,16,w,0.000776396402590876,0.000776396402590876
007,16,sigma,-0.858690769571787,0.858690769571787
007,16,beta,0.12763454124133,0.12763454124133
007,17,A,0.0785573209198551,0.0785573209198551
007,17,w,0.00351009278105962,0.00351009278105962
007,17,sigma,-1.14071999189912,1.14071999189912
007,17,beta,0.281370404753355,0.281370404753355
007,18,A,-0.29332982600368,0.29332982600368
007,18,w,-0.000691921641910384,0.000691921641910384
007,18,sigma,-0.862115581725543,0.862115581725543
007,18,beta,0.136618459113638,0.136618459113638
008,1,A,-0.286850693082895,0.286850693082895
008,1,w,-0.00136752235412595,0.00136752235412595
008,1,sigma,1.3880474919209,1.3880474919209
008,1,beta,-0.229118416668887,0.229118416668887
008,2,A,0.610833395590454,0.610833395590454
008,2,w,0.00365547382098255,0.00365547382098255
008,2,sigma,1.52202235199491,1.52202235199491
008,2,beta,-0.255749513190064,0.255749513190064
008,3,A,0.32942452164691,0.32942452164691
008,3,w,0.00200622908885085,0.00200622908885085
008,3,sigma,2.15510308866654,2.15510308866654
008,3,beta,-0.0720282100599961,0.0720282100599961
008,4,A,-0.465219639061543,0.465219639061543
008,4,w,-0.00103583802803406,0.00103583802803406
008,4,sigma,2.3056007144633,2.3056007144633
008,4,beta,-0.316158939709415,0.316158939709415
008,5,A,0.244247219284807,0.244247219284807
008,5,w,0.000344261498163478,0.000344261498163478
008,5,sigma,1.67271973591646,1.67271973591646
008,5,beta,0.0791819833225444,0.0791819833225444
008,6,A,0.179960283937667,0.179960283937667
008,6,w,0.000162919134238451,0.000162919134238451
008,6,sigma,2.6168412887063,2.6168412887063
008,6,beta,-0.4509392839541,0.4509392839541
008,7,A,-1.06877024200748,1.06877024200748
008,7,w,-0.000707915681221111,0.000707915681221111
008,7,sigma,1.43551722893452,1.43551722893452
008,7,beta,0.0183348033301542,0.0183348033301542
008,8,A,0.1399712595608,0.1399712595608
008,8,w,-0.000544741142743794,0.000544741142743794
008,8,sigma,2.0576421762871,2.0576421762871
008,8,beta,0.0644714942266188,0.0644714942266188
008,9,A,0.681397542440297,0.681397542440297
008,9,w,0.00191355980875455,0.00191355980875455
008,9,sigma,2.2862601231966,2.2862601231966
008,9,beta,-0.00461183447003155,0.00461183447003155
008,10,A,-0.105050150226091,0.105050150226091
008,10,w,0.00130434125675231,0.00130434125675231
008,10,sigma,1.69309032127029,1.69309032127029
008,10,beta,-0.260504757861248,0.260504757861248
008,11,A,0.303170690818931,0.303170690818931
008,11,w,0.000809587105910167,0.000809587105910167
008,11,sigma,2.41254941361749,2.41254941361749
008,11,beta,-0.216188100816594,0.216188100816594
008,12,A,0.185323624508406,0.185323624508406
008,12,w,0.000655073748708376,0.000655073748708376
008,12,sigma,1.26187754726525,1.26187754726525
008,12,beta,-0.135494836871669,0.135494836871669
008,13,A,-0.0284484984738409,0.0284484984738409
008,13,w,-0.000327672304006467,0.000327672304006467
008,13,sigma,1.37514404377704,1.37514404377704
008,13,beta,0.0754439769407067,0.0754439769407067
008,14,A,-0.371283120590933,0.371283120590933
008,14,w,-0.000852980236609541,0.000852980236609541
008,14,sigma,1.28601760929265,1.28601760929265
008,14,beta,0.27644187062664,0.27644187062664
008,15,A,-0.404891902501102,0.404891902501102
008,15,w,-9.37293319632354e-05,9.37293319632354e-05
008,15,sigma,2.03883970520203,2.03883970520203
008,15,beta,-0.312067590660441,0.312067590660441
008,16,A,0.158009839491546,0.158009839491546
008,16,w,0.000199933273765933,0.000199933273765933
008,16,sigma,1.45837919970689,1.45837919970689
008,16,beta,-0.413799543226687,0.413799543226687
008,17,A,-0.267499066373426,0.267499066373426
008,17,w,0.0045127388501001,0.0045127388501001
008,17,sigma,1.88100334995897,1.88100334995897
008,17,beta,-0.330042211649367,0.330042211649367
008,18,A,0.266509793966964,0.266509793966964
008,18,w,0.000779923416523998,0.000779923416523998
008,18,sigma,2.36999252620986,2.36999252620986
008,18,beta,-0.302749389653981,0.302749389653981
009,1,A,-0.390079122853706,0.390079122853706
009,1,w,-0.000350897676775059,0.000350897676775059
009,1,sigma,-0.854962848794205,0.854962848794205
009,1,beta,-0.183678220509842,0.183678220509842
009,2,A,0.0637055226534295,0.0637055226534295
009,2,w,0.00452534251928535,0.00452534251928535
009,2,sigma,-0.243560567091148,0.243560567091148
009,2,beta,-0.238381241980531,0.238381241980531
009,3,A,-0.0742174847836221,0.0742174847836221
009,3,w,0.00175725033662218,0.00175725033662218
009,3,sigma,-0.759284608136699,0.759284608136699
009,3,beta,-0.135865134889433,0.135865134889433
009,4,A,-0.74892038541865,0.74892038541865
009,4,w,-0.000309383420798569,0.000309383420798569
009,4,sigma,-1.311601671515,1.311601671515
009,4,beta,-0.230256485670597,0.230256485670597
009,5,A,0.0750835288005174,0.0750835288005174
009,5,w,0.00135360493641562,0.00135360493641562
009,5,sigma,-0.767765480464705,0.767765480464705
009,5,beta,-0.205588700362997,0.205588700362997
009,6,A,-0.681168584274624,0.681168584274624
009,6,w,-0.00116153293928976,0.00116153293928976
009,6,sigma,-0.648895550674695,0.648895550674695
009,6,beta,-0.256892001655041,0.256892001655041
009,7,A,-0.141975718871649,0.141975718871649
009,7,w,0.0012247866181646,0.0012247866181646
009,7,sigma,-0.344716215258991,0.344716215258991
009,7,beta,-0.143607449099364,0.143607449099364
009,8,A,-0.907111434401877,0.907111434401877
009,8,w,0.000199679608672478,0.000199679608672478
009,8,sigma,-1.20764156518662,1.20764156518662
009,8,beta,-0.0432607773491172,0.0432607773491172
009,9,A,-0.542545579067386,0.542545579067386
009,9,w,-0.000911369764963428,0.000911369764963428
009,9,sigma,-0.23869367963016,0.23869367963016
009,9,beta,-0.350659258648964,0.350659258648964
009,10,A,-0.755783532604918,0.755783532604918
009,10,w,-6.409887318818e-06,6.409887318818e-06
009,10,sigma,-0.307466177393774,0.307466177393774
009,10,beta,0.016976604584422,0.016976604584422
009,11,A,-0.792791855856688,0.792791855856688
009,11,w,9.69788814675354e-05,9.69788814675354e-05
009,11,sigma,-0.359634434703061,0.359634434703061
009,11,beta,-0.162113857650205,0.162113857650205
009,12,A,-0.636474742326149,0.636474742326149
009,12,w,0.000828508575584801,0.000828508575584801
009,12,sigma,-0.743394910713757,0.743394910713757
009,12,beta,-0.129272530041988,0.129272530041988
009,13,A,-1.30207850043219,1.30207850043219
009,13,w,0.000924263530136131,0.000924263530136131
009,13,sigma,-0.906544561738961,0.906544561738961
009,13,beta,-0.321320281418266,0.321320281418266
009,14,A,-0.420071188272788,0.420071188272788
009,14,w,-0.000176389029333694,0.000176389029333694
009,14,sigma,-0.229120996194853,0.229120996194853
009,14,beta,-0.0543692795576061,0.0543692795576061
009,15,A,-0.772730626723858,0.772730626723858
009,15,w,0.00058442060964984,0.00058442060964984
009,15,sigma,-0.942314535685327,0.942314535685327
009,15,beta,-0.603201833447364,0.603201833447364
009,16,A,-0.585714301171365,0.585714301171365
009,16,w,0.000863841363487803,0.000863841363487803
009,16,sigma,-0.520433790914343,0.520433790914343
009,16,beta,0.0855978590067779,0.0855978590067779
009,17,A,-0.338696496138811,0.338696496138811
009,17,w,0.00330732256560049,0.00330732256560049
009,17,sigma,-0.317738314463709,0.317738314463709
009,17,beta,0.0311387236405483,0.0311387236405483
009,18,A,-0.591870614210164,0.591870614210164
009,18,w,-0.000228247582830868,0.000228247582830868
009,18,sigma,-0.301945939065359,0.301945939065359
009,18,beta,-0.0182082537913844,0.0182082537913844
010,1,A,-0.798944203537346,0.798944203537346
010,1,w,-0.00198832473165404,0.00198832473165404
010,1,sigma,-0.801572922580876,0.801572922580876
010,1,beta,-0.0107524404324646,0.0107524404324646
010,2,A,-0.335498579632285,0.335498579632285
010,2,w,0.00322196872203671,0.00322196872203671
010,2,sigma,-0.876399709478719,0.876399709478719
010,2,beta,0.0839916727321057,0.0839916727321057
010,3,A,-0.121598333470606,0.121598333470606
010,3,w,-0.000764563051391096,0.000764563051391096
010,3,sigma,-0.0108676614331422,0.0108676614331422
010,3,beta,0.280192495116313,0.280192495116313
010,4,A,-0.297054328453036,0.297054328453036
010,4,w,-0.000954503258859877,0.000954503258859877
010,4,sigma,-0.556854515751706,0.556854515751706
010,4,beta,0.158739473871507,0.158739473871507
010,5,A,-0.211170724405768,0.211170724405768
010,5,w,-0.000398184337613783,0.000398184337613783
010,5,sigma,-0.735721558638664,0.735721558638664
010,5,beta,0.158626699976371,0.158626699976371
010,6,A,-0.396351377171185,0.396351377171185
010,6,w,0.000463100652269594,0.000463100652269594
010,6,sigma,-0.653554155790395,0.653554155790395
010,6,beta,0.119809537499491,0.119809537499491
010,7,A,-0.48412510557263,0.48412510557263
010,7,w,-0.000814958722822872,0.000814958722822872
010,7,sigma,-0.0172615673419436,0.0172615673419436
010,7,beta,0.134112310793842,0.134112310793842
010,8,A,-0.632981825888525,0.632981825888525
010,8,w,-0.0011382642827132,0.0011382642827132
010,8,sigma,0.1225332506333,0.1225332506333
010,8,beta,0.113782604711393,0.113782604711393
010,9,A,-0.585867304067648,0.585867304067648
010,9,w,-0.000747935873828969,0.000747935873828969
010,9,sigma,-1.09137152192254,1.09137152192254
010,9,beta,0.0228302727213225,0.0228302727213225
010,10,A,-0.140089986980648,0.140089986980648
010,10,w,0.000688332107321509,0.000688332107321509
010,10,sigma,-0.379502065383306,0.379502065383306
010,10,beta,-0.167801142589349,0.167801142589349
010,11,A,-0.500824361927062,0.500824361927062
010,11,w,0.000281430005946607,0.000281430005946607
010,11,sigma,-0.493166588985154,0.493166588985154
010,11,beta,0.079068193152217,0.079068193152217
010,12,A,-0.269817203563623,0.269817203563623
010,12,w,-0.00110628125196686,0.00110628125196686
010,12,sigma,-0.724497106237692,0.724497106237692
010,12,beta,0.254165561497361,0.254165561497361
010,13,A,0.0724965750993967,0.0724965750993967
010,13,w,-0.000860576326328827,0.000860576326328827
010,13,sigma,-0.726384038937269,0.726384038937269
010,13,beta,-0.166778884258388,0.166778884258388
010,14,A,0.0641067440870779,0.0641067440870779
010,14,w,0.000642183389315223,0.000642183389315223
010,14,sigma,0.0243954540795048,0.0243954540795048
010,14,beta,-0.219079984276142,0.219079984276142
010,15,A,-0.884818562881623,0.884818562881623
010,15,w,-0.000267046712577792,0.000267046712577792
010,15,sigma,-1.34422181571771,1.34422181571771
010,15,beta,0.240251231769714,0.240251231769714
010,16,A,-1.05766354559495,1.05766354559495
010,16,w,-0.0023805184114877,0.0023805184114877
010,16,sigma,-0.280011126540149,0.280011126540149
010,16,beta,0.414621528037552,0.414621528037552
010,17,A,0.271094206929238,0.271094206929238
010,17,w,0.000158546012955871,0.000158546012955871
010,17,sigma,-0.0523255507834417,0.0523255507834417
010,17,beta,0.0931773130403288,0.0931773130403288
010,18,A,-0.180507457315375,0.180507457315375
010,18,w,-4.95719074771785e-05,4.95719074771785e-05
010,18,sigma,-0.397304970030181,0.397304970030181
010,18,beta,0.225917564339791,0.225917564339791
011,1,A,-0.0347098659851808,0.0347098659851808
011,1,w,0.00203966796471492,0.00203966796471492
011,1,sigma,0.0824382716566738,0.0824382716566738
011,1,beta,-0.00960561202989962,0.00960561202989962
011,2,A,-0.0882351093602898,0.0882351093602898
011,2,w,0.00121836591340506,0.00121836591340506
011,2,sigma,-0.663484579692689,0.663484579692689
011,2,beta,-0.0797535156739436,0.0797535156739436
011,3,A,-0.0227100153183297,0.0227100153183297
011,3,w,-0.00149970030763557,0.00149970030763557
011,3,sigma,0.246200600861638,0.246200600861638
011,3,beta,-0.201297070597356,0.201297070597356
011,4,A,0.347154776760617,0.347154776760617
011,4,w,0.00171404128623031,0.00171404128623031
011,4,sigma,0.548877644583222,0.548877644583222
011,4,beta,-0.0027132615302895,0.0027132615302895
011,5,A,0.110723627397348,0.110723627397348
011,5,w,0.00107017126443795,0.00107017126443795
011,5,sigma,0.129364195231407,0.129364195231407
011,5,beta,-0.157588491105903,0.157588491105903
011,6,A,-0.0388867139353799,0.0388867139353799
011,6,w,-0.00129857149568023,0.00129857149568023
011,6,sigma,-0.450512829599639,0.450512829599639
011,6,beta,-0.129445903781041,0.129445903781041
011,7,A,0.724135960382404,0.724135960382404
011,7,w,0.00226771946880362,0.00226771946880362
011,7,sigma,-0.0222199179315865,0.0222199179315865
011,7,beta,0.171700099712622,0.171700099712622
011,8,A,-0.00768996605313887,0.00768996605313887
011,8,w,-9.51084090854634e-05,9.51084090854634e-05
011,8,sigma,-0.20124840619793,0.20124840619793
011,8,beta,0.0400365060214273,0.0400365060214273
011,9,A,0.288292708201672,0.288292708201672
011,9,w,-0.000317279500480543,0.000317279500480543
011,9,sigma,-0.280848507336337,0.280848507336337
011,9,beta,-0.175805635440828,0.175805635440828
011,10,A,-0.152538292831371,0.152538292831371
011,10,w,0.000247374675346596,0.000247374675346596
011,10,sigma,-0.300813504068572,0.300813504068572
011,10,beta,0.0125419820152099,0.0125419820152099
011,11,A,0.595025121963266,0.595025121963266
011,11,w,0.00137858011182984,0.00137858011182984
011,11,sigma,-0.238108211353957,0.238108211353957
011,11,beta,0.0241245323855257,0.0241245323855257
011,12,A,-0.468061155926323,0.468061155926323
011,12,w,0.000473322126990538,0.000473322126990538
011,12,sigma,-0.28088971007714,0.28088971007714
011,12,beta,0.107305989040311,0.107305989040311
011,13,A,-0.450993893555793,0.450993893555793
011,13,w,0.00115851222843935,0.00115851222843935
011,13,sigma,0.000906387940727171,0.000906387940727171
011,13,beta,-0.0102180200328577,0.0102180200328577
011,14,A,-0.325868481564533,0.325868481564533
011,14,w,-7.46343514444921e-05,7.46343514444921e-05
011,14,sigma,-0.532124071779467,0.532124071779467
011,14,beta,0.214968191892752,0.214968191892752
011,15,A,-0.711430271178587,0.711430271178587
011,15,w,-0.00106909498555836,0.00106909498555836
011,15,sigma,-1.07068389663002,1.07068389663002
011,15,beta,0.320581940622621,0.320581940622621
011,16,A,-0.0849388285512962,0.0849388285512962
011,16,w,-0.000131867995374093,0.000131867995374093
011,16,sigma,-0.697621714980656,0.697621714980656
011,16,beta,0.256845507564126,0.256845507564126
011,17,A,0.4535013647409,0.4535013647409
011,17,w,-0.000718293290909573,0.000718293290909573
011,17,sigma,-0.485167876335174,0.485167876335174
011,17,beta,0.583435616438537,0.583435616438537
011,18,A,0.324976136296163,0.324976136296163
011,18,w,0.000125352426482574,0.000125352426482574
011,18,sigma,-0.438044895922864,0.438044895922864
011,18,beta,0.123643889116829,0.123643889116829
013,1,A,0.0483134073981093,0.0483134073981093
013,1,w,0.001062043142782,0.001062043142782
013,1,sigma,0.0921757617861978,0.0921757617861978
013,1,beta,0.086952066979793,0.086952066979793
013,2,A,-0.687689118085039,0.687689118085039
013,2,w,-0.00339328840796311,0.00339328840796311
013,2,sigma,-0.0775672982632649,0.0775672982632649
013,2,beta,-0.0710682302473865,0.0710682302473865
013,3,A,0.166898256299653,0.166898256299653
013,3,w,0.000189433617941045,0.000189433617941045
013,3,sigma,-0.824209544169957,0.824209544169957
013,3,beta,-0.239268053961191,0.239268053961191
013,4,A,-0.323313055385602,0.323313055385602
013,4,w,-0.000384917075319909,0.000384917075319909
013,4,sigma,-0.355256232246337,0.355256232246337
013,4,beta,0.0115686607477871,0.0115686607477871
013,5,A,-0.530159400620088,0.530159400620088
013,5,w,-0.000258935601389551,0.000258935601389551
013,5,sigma,-0.447092629373449,0.447092629373449
013,5,beta,-0.214293043165529,0.214293043165529
013,6,A,-0.993167112570219,0.993167112570219
013,6,w,-0.000518746872549214,0.000518746872549214
013,6,sigma,-1.00011844597023,1.00011844597023
013,6,beta,-0.398882562602901,0.398882562602901
013,7,A,-0.34653910439057,0.34653910439057
013,7,w,-0.000895446943873956,0.000895446943873956
013,7,sigma,-0.385678338650518,0.385678338650518
013,7,beta,-0.0392496243968441,0.0392496243968441
013,8,A,-0.532600540622003,0.532600540622003
013,8,w,4.71906223260161e-05,4.71906223260161e-05
013,8,sigma,-0.381582656345252,0.381582656345252
013,8,beta,0.0787403787909148,0.0787403787909148
013,9,A,-0.0885478162763143,0.0885478162763143
013,9,w,0.000709428475628996,0.000709428475628996
013,9,sigma,-0.349610022974023,0.349610022974023
013,9,beta,0.117648712347581,0.117648712347581
013,10,A,0.880154554282241,0.880154554282241
013,10,w,0.00141047800410714,0.00141047800410714
013,10,sigma,0.157072888261684,0.157072888261684
013,10,beta,0.495107418408417,0.495107418408417
013,11,A,-0.522717275728182,0.522717275728182
013,11,w,-0.000185918147376105,0.000185918147376105
013,11,sigma,-0.462210444137828,0.462210444137828
013,11,beta,-0.155141072449702,0.155141072449702
013,12,A,-0.733518073531009,0.733518073531009
013,12,w,-0.000427632445564326,0.000427632445564326
013,12,sigma,-1.31019213764989,1.31019213764989
013,12,beta,-0.428752627344715,0.428752627344715
013,13,A,0.530269831209155,0.530269831209155
013,13,w,-5.40476426667547e-05,5.40476426667547e-05
013,13,sigma,-0.330799382661876,0.330799382661876
013,13,beta,-0.161194180231238,0.161194180231238
013,14,A,-0.00786144094692265,0.00786144094692265
013,14,w,0.000268420596668765,0.000268420596668765
013,14,sigma,-0.278562693843471,0.278562693843471
013,14,beta,-0.0722711496428909,0.0722711496428909
013,15,A,-0.196703444698059,0.196703444698059
013,15,w,0.000476796390371518,0.000476796390371518
013,15,sigma,0.364421375058868,0.364421375058868
013,15,beta,-0.12436315589627,0.12436315589627
013,16,A,-0.12202038709077,0.12202038709077
013,16,w,0.000167126769489059,0.000167126769489059
013,16,sigma,-0.727057614237175,0.727057614237175
013,16,beta,-0.081613566967043,0.081613566967043
013,17,A,-0.456356464536297,0.456356464536297
013,17,w,-0.00164918677790163,0.00164918677790163
013,17,sigma,-0.573420053350505,0.573420053350505
013,17,beta,0.0323568293311858,0.0323568293311858
013,18,A,0.287104594423088,0.287104594423088
013,18,w,0.000550881654690038,0.000550881654690038
013,18,sigma,-0.0741844779897711,0.0741844779897711
013,18,beta,0.0809227569117656,0.0809227569117656
015,1,A,0.130199132330169,0.130199132330169
015,1,w,-0.000289006176496624,0.000289006176496624
015,1,sigma,0.335901602108786,0.335901602108786
015,1,beta,-0.0107576193449673,0.0107576193449673
015,2,A,0.029080130326129,0.029080130326129
015,2,w,-9.61243905637232e-05,9.61243905637232e-05
015,2,sigma,-0.182149521367439,0.182149521367439
015,2,beta,-0.00585932091012853,0.00585932091012853
015,3,A,-0.761902076934991,0.761902076934991
015,3,w,-0.00157343953770706,0.00157343953770706
015,3,sigma,-0.218253007175143,0.218253007175143
015,3,beta,0.160165696596349,0.160165696596349
015,4,A,0.946795970615882,0.946795970615882
015,4,w,-0.189866747413673,0.189866747413673
015,4,sigma,-0.626520910429957,0.626520910429957
015,4,beta,-0.0863983686462133,0.0863983686462133
015,5,A,-0.0449476652117902,0.0449476652117902
015,5,w,-0.000973431225183025,0.000973431225183025
015,5,sigma,0.0696652728198064,0.0696652728198064
015,5,beta,0.274588859775383,0.274588859775383
015,6,A,0.493668294835046,0.493668294835046
015,6,w,-0.000686002227219717,0.000686002227219717
015,6,sigma,0.372761870803611,0.372761870803611
015,6,beta,-0.217935830846703,0.217935830846703
015,7,A,-0.111340494876316,0.111340494876316
015,7,w,-0.000288431458049819,0.000288431458049819
015,7,sigma,0.28676242400379,0.28676242400379
015,7,beta,0.125043695779362,0.125043695779362
015,8,A,1.47087675918607,1.47087675918607
015,8,w,-0.000265602294145541,0.000265602294145541
015,8,sigma,0.809749078204867,0.809749078204867
015,8,beta,0.00886791448119761,0.00886791448119761
015,9,A,0.179222146124077,0.179222146124077
015,9,w,-0.00043352820676093,0.00043352820676093
015,9,sigma,-0.358513523859397,0.358513523859397
015,9,beta,-0.0896723064930274,0.0896723064930274
015,10,A,0.235934859325836,0.235934859325836
015,10,w,-0.00176758727682856,0.00176758727682856
015,10,sigma,-0.122047370270288,0.122047370270288
015,10,beta,-0.136893420246193,0.136893420246193
015,11,A,0.4155781411401,0.4155781411401
015,11,w,-0.00035825104528394,0.00035825104528394
015,11,sigma,0.438534814841315,0.438534814841315
015,11,beta,-0.0972907893712577,0.0972907893712577
015,12,A,0.575401657135364,0.575401657135364
015,12,w,0.000807419133278447,0.000807419133278447
015,12,sigma,-0.510446438857571,0.510446438857571
015,12,beta,0.169186057880637,0.169186057880637
015,13,A,0.994857467106123,0.994857467106123
015,13,w,0.00199466697009768,0.00199466697009768
015,13,sigma,0.298400704596851,0.298400704596851
015,13,beta,-0.203295745188371,0.203295745188371
015,14,A,0.0665624278744064,0.0665624278744064
015,14,w,-0.00183130426548953,0.00183130426548953
015,14,sigma,-0.617743260708242,0.617743260708242
015,14,beta,0.346094148948937,0.346094148948937
015,15,A,0.81190738568381,0.81190738568381
015,15,w,8.71488637471107e-05,8.71488637471107e-05
015,15,sigma,-0.390909707135254,0.390909707135254
015,15,beta,0.1663865332468,0.1663865332468
015,16,A,0.869925393696047,0.869925393696047
015,16,w,0.00115987996173274,0.00115987996173274
015,16,sigma,-0.207435220487579,0.207435220487579
015,16,beta,0.236282064896664,0.236282064896664
015,17,A,-0.28666692235068,0.28666692235068
015,17,w,-0.00529768790137993,0.00529768790137993
015,17,sigma,0.107304532537647,0.107304532537647
015,17,beta,-0.135938436657308,0.135938436657308
015,18,A,0.058158350265062,0.058158350265062
015,18,w,0.000299765254344834,0.000299765254344834
015,18,sigma,0.664921176720735,0.664921176720735
015,18,beta,-0.193485552636649,0.193485552636649
